device_id,device_type,location,standby_kwh,department
CompressorUnit_001,Compressor Unit,Department 1 - Zone A,0.96,Department 1
CNCMachine_002,CNC Machine,Department 1 - Zone B,1.7999999999999998,Department 1
LightingPanel_003,Lighting Panel,Department 1 - Zone C,0.045,Department 1
WeldingStation_004,Welding Station,Department 2 - Zone A,1.3499999999999999,Department 2
HVACSystem_005,HVAC System,Department 2 - Zone B,0.75,Department 2
LightingPanel_006,Lighting Panel,Department 2 - Zone C,0.045,Department 2
PaintBooth_007,Paint Booth,Department 3 - Zone A,0.84,Department 3
ConveyorSystem_008,Conveyor System,Department 3 - Zone B,0.36,Department 3
LightingPanel_009,Lighting Panel,Department 3 - Zone C,0.045,Department 3
CNCMachine_010,CNC Machine,Department 4 - Zone A,1.7999999999999998,Department 4
MotorDrive_011,Motor Drive,Department 4 - Zone B,0.54,Department 4
ConveyorSystem_012,Conveyor System,Department 4 - Zone C,0.36,Department 4
CompressorUnit_013,Compressor Unit,Department 4 - Zone D,0.96,Department 4
HVACSystem_014,HVAC System,Department 4 - Zone E,0.75,Department 4
CNCMachine_015,CNC Machine,Department 5 - Zone A,1.7999999999999998,Department 5
WeldingStation_016,Welding Station,Department 5 - Zone B,1.3499999999999999,Department 5
ConveyorSystem_017,Conveyor System,Department 5 - Zone C,0.36,Department 5
arpit,gauransh,Department 5 - Zone C,0.36,Department 5
