device_id,weekday,start_hour,end_hour
CompressorUnit_001,Mon-Fri,8,18
CNCMachine_002,Mon-Fri,8,18
LightingPanel_003,Mon-Fri,6,22
WeldingStation_004,Mon-Fri,8,18
HVACSystem_005,Mon-Fri,7,19
LightingPanel_006,Mon-Fri,6,22
PaintBooth_007,Mon-Fri,8,18
ConveyorSystem_008,Mon-Fri,8,18
LightingPanel_009,Mon-Fri,6,22
CNCMachine_010,Mon-Fri,8,18
MotorDrive_011,Mon-Fri,8,18
ConveyorSystem_012,Mon-Fri,8,18
CompressorUnit_013,Mon-Fri,8,18
HVACSystem_014,Mon-Fri,7,19
CNCMachine_015,Mon-Fri,8,18
WeldingStation_016,Mon-Fri,8,18
ConveyorSystem_017,Mon-Fri,8,18
